"","ensgene","baseMean","log2FoldChange","lfcSE","stat","pvalue","padj","chromosome_name","start_position","end_position","strand","gene_biotype","external_gene_name","description"
"1","ENSG00000229807",2172.97601709234,8.15075140369089,1.87336930924844,4.3508513582732,1.35609962382117e-05,0.00905477336047654,"X",73820649,73852723,-1,"lncRNA","XIST","X inactive specific transcript [Source:HGNC Symbol;Acc:HGNC:12810]"
"2","ENSG00000258733",225.911726285104,1.04267863411588,0.274681718927906,3.7959520501965,0.000147077926377458,0.0328957896105293,"14",85911438,86161500,1,"lncRNA","LINC02328","long intergenic non-protein coding RNA 2328 [Source:HGNC Symbol;Acc:HGNC:53248]"
