"","ensgene","baseMean","log2FoldChange","lfcSE","stat","pvalue","padj","chromosome_name","start_position","end_position","strand","gene_biotype","external_gene_name","description"
"1","ENSG00000141441",19.7632632105364,5.48365470310649,1.25730414601209,4.36143849560944,1.29210119348105e-05,0.0213358209573558,"18",32124877,32470882,-1,"protein_coding","GAREM1","GRB2 associated regulator of MAPK1 subtype 1 [Source:HGNC Symbol;Acc:HGNC:26136]"
"2","ENSG00000151838",51.7286118775992,2.06517308902815,0.511647133601656,4.0363229917672,5.42954552186841e-05,0.0454914005452389,"14",59504539,59576812,-1,"protein_coding","CCDC175","coiled-coil domain containing 175 [Source:HGNC Symbol;Acc:HGNC:19847]"
"3","ENSG00000164684",61.5496796648118,6.15233187224489,1.53447064762951,4.00941646016439,6.08689822642794e-05,0.0482447553426678,"8",80628451,80874781,-1,"protein_coding","ZNF704","zinc finger protein 704 [Source:HGNC Symbol;Acc:HGNC:32291]"
"4","ENSG00000205111",10.4105092432589,4.15487484148932,0.910438475571391,4.56359759936741,5.02844169912411e-06,0.0147806115471815,"2",39175646,39229588,-1,"protein_coding","CDKL4","cyclin dependent kinase like 4 [Source:HGNC Symbol;Acc:HGNC:19287]"
"5","ENSG00000229807",1910.10807975407,8.14153531881853,1.67968834704555,4.84705114084937,1.25310133438077e-06,0.0147806115471815,"X",73820649,73852723,-1,"lncRNA","XIST","X inactive specific transcript [Source:HGNC Symbol;Acc:HGNC:12810]"
