"","ensgene","baseMean","log2FoldChange","lfcSE","stat","pvalue","padj","chromosome_name","start_position","end_position","strand","gene_biotype","external_gene_name","description"
"1","ENSG00000223768",217.156428573785,-1.55269018605326,0.341406443430118,-4.54792291104219,5.41779722862808e-06,0.0147806115471815,"21",45288050,45297806,1,"lncRNA","LINC00205","long intergenic non-protein coding RNA 205 [Source:HGNC Symbol;Acc:HGNC:16420]"
"2","ENSG00000248360",494.326197123096,-1.51766474104994,0.363704710977571,-4.17279373965418,3.00887309722663e-05,0.0385960038391741,"4",14470465,14888169,-1,"lncRNA","LINC00504","long intergenic non-protein coding RNA 504 [Source:HGNC Symbol;Acc:HGNC:43555]"
"3","ENSG00000273356",30.6354536621807,-2.16522758370767,0.495933611963691,-4.36596256328396,1.26564157181721e-05,0.0213358209573558,"3",50669989,50672048,1,"lncRNA","LINC02019","long intergenic non-protein coding RNA 2019 [Source:HGNC Symbol;Acc:HGNC:52854]"
